{
  "corrected":
    "574c39585a455136000020a10b1302dee4515d04042854f0b2afb3aeb13edfe3515f04042854f0b28f5a5757585657588d3400003ee2df5d5104042854f0e18f5a575758565758453100003edfe3515c04042854f0b28f5a575758565758fd2d00003ee1e4515f04042854f0b28f5a575758565758b52a00003ee3e05e5104042855f0e18f5a5757585657586d2700003edfe3515c04042854f0b28f5a575758565758252400003edfe337600404274ef0b28f5a575758565758dd20000008152a9c292a9b302e9b302ea23e2ec63e2ec63e2ea23e2e9b29019b291a9b2a0230f07b4a31312c9cf5121ed6feccc6d0181e9ebe63eba5e6b3d895eeb9f5c2f1",
  "parsed":
    {"data": [{"IR_SIDE1_AMB": 23.61, "L1_TEMP": -103.0, "IR_ACCESS_AMB": 23.61, "L_REF": 4037, "LF_B2_RUN_CHG": false, "IR_RBF_AMB": 22.89, "LION_1_CHARGED": true, "L1_SNS": -198.0, "L2_SNS": 162.0, "L2_FAULTN": false, "LF_B1_FAULTN": false, "LF_B1_CHGN": false, "IR_TOP1_AMB": 24.35, "PANELREF": 8794, "LF_B1_RUN_CHG": false, "data_hash": "3edfe3515f04042854f0b28f5a5757585657588d340000", "IR_SIDE2_AMB": 24.35, "L2_TEMP": -103.0, "FIRST_FLASH": false, "timestamp": 13453, "L1_REF": 4077, "LF_B2_CHGN": false, "LIFEPO4_B1_CHARGED": true, "L1_FAULTN": false, "LION_2_CHARGED": true, "L1_ST": true, "L2_DISG": true, "L1_RUN_CHG": false, "LIFEPO4_B2_CHARGED": true, "L2_CHGN": true, "IR_FLASH_AMB": 23.61, "IMU_TEMP": 28.98514391829155, "L2_ST": false, "L2_REF": 4150, "ANTENNA_DEPLOYED": true, "L1_CHGN": false, "PROG_MEM_REWRITTEN": false, "L1_DISG": true, "LF_B2_FAULTN": false, "L2_RUN_CHG": false, "RAD_TEMP": 28}, {"IR_SIDE1_AMB": 23.61, "L1_TEMP": -103.0, "IR_ACCESS_AMB": 23.61, "L_REF": 4037, "LF_B2_RUN_CHG": false, "IR_RBF_AMB": 22.89, "LION_1_CHARGED": true, "L1_SNS": 110.0, "L2_SNS": -198.0, "L2_FAULTN": false, "LF_B1_FAULTN": false, "LF_B1_CHGN": false, "IR_TOP1_AMB": 24.35, "PANELREF": 8794, "LF_B1_RUN_CHG": false, "data_hash": "3ee2df5d5104042854f0e18f5a57575856575845310000", "IR_SIDE2_AMB": 24.35, "L2_TEMP": -103.0, "FIRST_FLASH": false, "timestamp": 12613, "L1_REF": 4132, "LF_B2_CHGN": false, "LIFEPO4_B1_CHARGED": true, "L1_FAULTN": false, "LION_2_CHARGED": true, "L1_ST": false, "L2_DISG": true, "L1_RUN_CHG": false, "LIFEPO4_B2_CHARGED": true, "L2_CHGN": false, "IR_FLASH_AMB": 23.61, "IMU_TEMP": 28.98514391829155, "L2_ST": true, "L2_REF": 4077, "ANTENNA_DEPLOYED": true, "L1_CHGN": true, "PROG_MEM_REWRITTEN": false, "L1_DISG": true, "LF_B2_FAULTN": false, "L2_RUN_CHG": false, "RAD_TEMP": 28}, {"IR_SIDE1_AMB": 23.61, "L1_TEMP": -103.0, "IR_ACCESS_AMB": 23.61, "L_REF": 4037, "LF_B2_RUN_CHG": false, "IR_RBF_AMB": 22.89, "LION_1_CHARGED": true, "L1_SNS": -198.0, "L2_SNS": 84.0, "L2_FAULTN": false, "LF_B1_FAULTN": false, "LF_B1_CHGN": false, "IR_TOP1_AMB": 24.35, "PANELREF": 8794, "LF_B1_RUN_CHG": false, "data_hash": "3edfe3515c04042854f0b28f5a575758565758fd2d0000", "IR_SIDE2_AMB": 24.35, "L2_TEMP": -103.0, "FIRST_FLASH": false, "timestamp": 11773, "L1_REF": 4077, "LF_B2_CHGN": false, "LIFEPO4_B1_CHARGED": true, "L1_FAULTN": false, "LION_2_CHARGED": true, "L1_ST": true, "L2_DISG": true, "L1_RUN_CHG": false, "LIFEPO4_B2_CHARGED": true, "L2_CHGN": true, "IR_FLASH_AMB": 23.61, "IMU_TEMP": 28.98514391829155, "L2_ST": false, "L2_REF": 4150, "ANTENNA_DEPLOYED": true, "L1_CHGN": false, "PROG_MEM_REWRITTEN": false, "L1_DISG": true, "LF_B2_FAULTN": false, "L2_RUN_CHG": false, "RAD_TEMP": 28}, {"IR_SIDE1_AMB": 23.61, "L1_TEMP": -103.0, "IR_ACCESS_AMB": 23.61, "L_REF": 4037, "LF_B2_RUN_CHG": false, "IR_RBF_AMB": 22.89, "LION_1_CHARGED": true, "L1_SNS": -198.0, "L2_SNS": 162.0, "L2_FAULTN": false, "LF_B1_FAULTN": false, "LF_B1_CHGN": false, "IR_TOP1_AMB": 24.35, "PANELREF": 8794, "LF_B1_RUN_CHG": false, "data_hash": "3ee1e4515f04042854f0b28f5a575758565758b52a0000", "IR_SIDE2_AMB": 24.35, "L2_TEMP": -103.0, "FIRST_FLASH": false, "timestamp": 10933, "L1_REF": 4114, "LF_B2_CHGN": false, "LIFEPO4_B1_CHARGED": true, "L1_FAULTN": false, "LION_2_CHARGED": true, "L1_ST": true, "L2_DISG": true, "L1_RUN_CHG": false, "LIFEPO4_B2_CHARGED": true, "L2_CHGN": true, "IR_FLASH_AMB": 23.61, "IMU_TEMP": 28.98514391829155, "L2_ST": false, "L2_REF": 4169, "ANTENNA_DEPLOYED": true, "L1_CHGN": false, "PROG_MEM_REWRITTEN": false, "L1_DISG": true, "LF_B2_FAULTN": false, "L2_RUN_CHG": false, "RAD_TEMP": 28}, {"IR_SIDE1_AMB": 23.61, "L1_TEMP": -103.0, "IR_ACCESS_AMB": 23.61, "L_REF": 4086, "LF_B2_RUN_CHG": false, "IR_RBF_AMB": 22.89, "LION_1_CHARGED": true, "L1_SNS": 136.0, "L2_SNS": -198.0, "L2_FAULTN": false, "LF_B1_FAULTN": false, "LF_B1_CHGN": false, "IR_TOP1_AMB": 24.35, "PANELREF": 8794, "LF_B1_RUN_CHG": false, "data_hash": "3ee3e05e5104042855f0e18f5a5757585657586d270000", "IR_SIDE2_AMB": 24.35, "L2_TEMP": -103.0, "FIRST_FLASH": false, "timestamp": 10093, "L1_REF": 4150, "LF_B2_CHGN": false, "LIFEPO4_B1_CHARGED": true, "L1_FAULTN": false, "LION_2_CHARGED": true, "L1_ST": false, "L2_DISG": true, "L1_RUN_CHG": false, "LIFEPO4_B2_CHARGED": true, "L2_CHGN": false, "IR_FLASH_AMB": 23.61, "IMU_TEMP": 28.98514391829155, "L2_ST": true, "L2_REF": 4096, "ANTENNA_DEPLOYED": true, "L1_CHGN": true, "PROG_MEM_REWRITTEN": false, "L1_DISG": true, "LF_B2_FAULTN": false, "L2_RUN_CHG": false, "RAD_TEMP": 28}, {"IR_SIDE1_AMB": 23.61, "L1_TEMP": -103.0, "IR_ACCESS_AMB": 23.61, "L_REF": 4037, "LF_B2_RUN_CHG": false, "IR_RBF_AMB": 22.89, "LION_1_CHARGED": true, "L1_SNS": -198.0, "L2_SNS": 84.0, "L2_FAULTN": false, "LF_B1_FAULTN": false, "LF_B1_CHGN": false, "IR_TOP1_AMB": 24.35, "PANELREF": 8794, "LF_B1_RUN_CHG": false, "data_hash": "3edfe3515c04042854f0b28f5a57575856575825240000", "IR_SIDE2_AMB": 24.35, "L2_TEMP": -103.0, "FIRST_FLASH": false, "timestamp": 9253, "L1_REF": 4077, "LF_B2_CHGN": false, "LIFEPO4_B1_CHARGED": true, "L1_FAULTN": false, "LION_2_CHARGED": true, "L1_ST": true, "L2_DISG": true, "L1_RUN_CHG": false, "LIFEPO4_B2_CHARGED": true, "L2_CHGN": true, "IR_FLASH_AMB": 23.61, "IMU_TEMP": 28.98514391829155, "L2_ST": false, "L2_REF": 4150, "ANTENNA_DEPLOYED": true, "L1_CHGN": false, "PROG_MEM_REWRITTEN": false, "L1_DISG": true, "LF_B2_FAULTN": false, "L2_RUN_CHG": false, "RAD_TEMP": 28}, {"IR_SIDE1_AMB": 23.61, "L1_TEMP": -103.0, "IR_ACCESS_AMB": 23.61, "L_REF": 3738, "LF_B2_RUN_CHG": false, "IR_RBF_AMB": 22.89, "LION_1_CHARGED": true, "L1_SNS": -862.0, "L2_SNS": 186.0, "L2_FAULTN": false, "LF_B1_FAULTN": false, "LF_B1_CHGN": false, "IR_TOP1_AMB": 24.35, "PANELREF": 8559, "LF_B1_RUN_CHG": false, "data_hash": "3edfe337600404274ef0b28f5a575758565758dd200000", "IR_SIDE2_AMB": 24.35, "L2_TEMP": -103.0, "FIRST_FLASH": false, "timestamp": 8413, "L1_REF": 4077, "LF_B2_CHGN": false, "LIFEPO4_B1_CHARGED": true, "L1_FAULTN": false, "LION_2_CHARGED": true, "L1_ST": true, "L2_DISG": true, "L1_RUN_CHG": false, "LIFEPO4_B2_CHARGED": true, "L2_CHGN": true, "IR_FLASH_AMB": 23.61, "IMU_TEMP": 28.98514391829155, "L2_ST": false, "L2_REF": 4150, "ANTENNA_DEPLOYED": true, "L1_CHGN": false, "PROG_MEM_REWRITTEN": false, "L1_DISG": true, "LF_B2_FAULTN": false, "L2_RUN_CHG": false, "RAD_TEMP": 28}], "errors": [{"data_hash": "0815519", "timestamp": 1305, "error_location": 21, "priority_bit": false, "error_code_name": "ECODE_TIMEOUT", "error_location_name": "ELOC_RADIO_TEMP", "error_code": 8}, {"data_hash": "9c29519", "timestamp": 1305, "error_location": 41, "priority_bit": true, "error_code_name": "ECODE_READING_LOW", "error_location_name": "ELOC_AD7991_BBRD_L2_SNS", "error_code": 28}, {"data_hash": "9b3069", "timestamp": 105, "error_location": 48, "priority_bit": true, "error_code_name": "ECODE_READING_HIGH", "error_location_name": "ELOC_AD7991_CBRD_5V_REF", "error_code": 27}, {"data_hash": "9b3069", "timestamp": 105, "error_location": 48, "priority_bit": true, "error_code_name": "ECODE_READING_HIGH", "error_location_name": "ELOC_AD7991_CBRD_5V_REF", "error_code": 27}, {"data_hash": "a23e69", "timestamp": 105, "error_location": 62, "priority_bit": true, "error_code_name": "ECODE_WATCHDOG_EARLY_WARNING", "error_location_name": "ELOC_WATCHDOG", "error_code": 34}, {"data_hash": "c63e69", "timestamp": 105, "error_location": 62, "priority_bit": true,